"title","summary","_modified_by","_modified_date","table","id"
"System Administrator","","1","2010-03-17T15:45:32.336090Z","11","1"
"User Administrator","","1","2010-03-17T15:45:32.336915Z","11","2"
"User","","1","2010-03-17T15:45:32.337455Z","11","3"
"Toby","","1","2010-03-17T15:45:32.593562Z","9","4"
"moo","","1","2010-03-17T15:45:32.594494Z","9","5"
"hellp","summary: ","0","2010-03-17T15:58:04.397838Z","12","6"
"fsfas","summary: ","0","2010-03-17T16:02:40.343695Z","12","7"
"davi","summary: ","0","2010-03-17T16:06:11.342536Z","12","8"
"fdsas","summary: ","0","2010-03-17T16:07:47.207106Z","12","9"
"moon","summary: ","2","2010-03-22T14:18:20.948555Z","12","10"
"User Administrator","","1","2010-03-22T14:38:26.824551Z","21","11"
"System Administrator","","1","2010-03-22T14:38:26.825493Z","21","12"
"User","","1","2010-03-22T14:38:26.826059Z","21","13"
"Toby","","1","2010-03-22T14:38:26.939190Z","20","14"
"moo","","1","2010-03-22T14:38:26.939990Z","20","15"
"hellp","summary: None","1","2010-03-22T14:38:27.728633Z","22","16"
"fsfas","summary: None","1","2010-03-22T14:38:27.729407Z","22","17"
"davi","summary: None","1","2010-03-22T14:38:27.729933Z","22","18"
"fdsas","summary: None","1","2010-03-22T14:38:27.730449Z","22","19"
"moon","summary: None","1","2010-03-22T14:38:27.730966Z","22","20"
"fdsf","summary: ","2","2010-03-22T14:39:58.955984Z","22","21"
"moo","summary: moo","2","2010-03-22T16:21:22.934371Z","22","22"
"moo","summary: ","2","2010-03-22T16:24:21.413434Z","22","23"
"fdsffs","summary: fsfas","2","2010-03-22T16:26:33.774017Z","22","24"
"fdfsd","summary: ","2","2010-03-22T16:28:40.332712Z","22","25"
"fdsfa","summary: ","2","2010-03-22T16:37:37.719243Z","22","26"
"mr","summary: ","0","2010-03-22T16:38:35.778431Z","22","27"
"dfsfd","summary: ","0","2010-03-22T16:38:49.458028Z","22","28"
"dsfds","summary: ","0","2010-03-22T16:46:37.909121Z","22","29"
"User Administrator","","1","2010-03-24T15:44:17.206956Z","12","30"
"User","","1","2010-03-24T15:44:17.207827Z","12","31"
"System Administrator","","1","2010-03-24T15:44:17.208361Z","12","32"
"Toby","","1","2010-03-24T15:44:17.450795Z","10","33"
"moo","","1","2010-03-24T15:44:17.452248Z","10","34"
"bob","summary: bob","0","2010-03-24T15:58:18.805194Z","14","35"
"fdsaf","summary: dfdsa","0","2010-03-24T18:27:11.744992Z","14","36"
"happy","summary: fdsfsa","0","2010-03-24T20:58:47.083667Z","14","37"
"njji","summary: jjij","0","2010-03-24T20:59:54.295563Z","14","38"
"fds","summary: fdsfa","0","2010-03-24T21:01:53.380435Z","14","39"
"weee","summary: fdsfa","0","2010-03-24T21:01:53.380435Z","14","40"
